name,category,address
Siman,Tiendas por Departamento,"Diagonal 6, 13-01 zona 10, Oakland Mall"
Cinepolis VIP,Cine,"Diagonal 6, 13-01 zona 10, Oakland Mall"
H&M,Moda,"Diagonal 6, 13-01 zona 10, Oakland Mall"
Zara,Moda,"Diagonal 6, 13-01 zona 10, Oakland Mall"
Forever 21,Moda,"Diagonal 6, 13-01 zona 10, Oakland Mall"
Bocata,Restaurante,"Diagonal 6, 13-01 zona 10, Oakland Mall"
Starbucks,Cafeteria,"Diagonal 6, 13-01 zona 10, Oakland Mall"
Buffalo Wings,Restaurante,"Diagonal 6, 13-01 zona 10, Oakland Mall"
Adidas,Deportes,"Diagonal 6, 13-01 zona 10, Oakland Mall"
Sunglass Hut,Accesorios,"Diagonal 6, 13-01 zona 10, Oakland Mall"
Carolina Herrera,Moda de Lujo,"Diagonal 6, 13-01 zona 10, Oakland Mall"
Nike,Deportes,"Diagonal 6, 13-01 zona 10, Oakland Mall"
Apple iShop,Tecnologia,"Diagonal 6, 13-01 zona 10, Oakland Mall"
Libreria Sophos,Libreria,"Diagonal 6, 13-01 zona 10, Oakland Mall"
Swatch,Relojeria,"Diagonal 6, 13-01 zona 10, Oakland Mall"
L'Occitane,Cuidado Personal,"Diagonal 6, 13-01 zona 10, Oakland Mall"
Chili's,Restaurante,"Diagonal 6, 13-01 zona 10, Oakland Mall"
Burger King,Restaurante,"Diagonal 6, 13-01 zona 10, Oakland Mall"
Taco Bell,Restaurante,"Diagonal 6, 13-01 zona 10, Oakland Mall"
Miniso,Accesorios y Hogar,"Diagonal 6, 13-01 zona 10, Oakland Mall"
Pandora,Joyeria,"Diagonal 6, 13-01 zona 10, Oakland Mall"
Vans,Calzado,"Diagonal 6, 13-01 zona 10, Oakland Mall"
McDonald's,Restaurante,"Diagonal 6, 13-01 zona 10, Oakland Mall"
Diesel,Moda,"Diagonal 6, 13-01 zona 10, Oakland Mall"
Levi's,Moda,"Diagonal 6, 13-01 zona 10, Oakland Mall"
Pull&Bear,Moda,"Diagonal 6, 13-01 zona 10, Oakland Mall"
ALDO CONTI,Moda,"Km. 15.5 Carretera a El Salvador, Pradera Concepcion"
ALEKO,Uniformes,"Km. 15.5 Carretera a El Salvador, Pradera Concepcion"
ANA RIGALT,Joyeria,"Km. 15.5 Carretera a El Salvador, Pradera Concepcion"
BALEARES,Moda,"Km. 15.5 Carretera a El Salvador, Pradera Concepcion"
BAM (Agromercantil),Bancos,"Km. 15.5 Carretera a El Salvador, Pradera Concepcion"
Banco Industrial,Bancos,"Km. 15.5 Carretera a El Salvador, Pradera Concepcion"
Barroco Arte,Arte en Vidrio,"Km. 15.5 Carretera a El Salvador, Pradera Concepcion"
Baterias ETC,Accesorios,"Km. 15.5 Carretera a El Salvador, Pradera Concepcion"
Beauty Depot,Belleza,"Km. 15.5 Carretera a El Salvador, Pradera Concepcion"
China Wok,Restaurante,"Km. 15.5 Carretera a El Salvador, Pradera Concepcion"
Cinnabon,Cafeteria,"Km. 15.5 Carretera a El Salvador, Pradera Concepcion"
Claires,Accesorios,"Km. 15.5 Carretera a El Salvador, Pradera Concepcion"
Copy Cat,Cerrajeria,"Km. 15.5 Carretera a El Salvador, Pradera Concepcion"
Florece,Floristeria,"Km. 15.5 Carretera a El Salvador, Pradera Concepcion"
Fossil / Roloi,Relojeria,"Km. 15.5 Carretera a El Salvador, Pradera Concepcion"
Go Green,Restaurante,"Km. 15.5 Carretera a El Salvador, Pradera Concepcion"
GYT Continental,Bancos,"Km. 15.5 Carretera a El Salvador, Pradera Concepcion"
IMPO,Moda,"Km. 15.5 Carretera a El Salvador, Pradera Concepcion"
Karla Lehnhoff,Belleza,"Km. 15.5 Carretera a El Salvador, Pradera Concepcion"
Meat Pack,Moda,"Km. 15.5 Carretera a El Salvador, Pradera Concepcion"
Payless,Moda,"Km. 15.5 Carretera a El Salvador, Pradera Concepcion"
Plata Buenos Aires,Joyeria,"Km. 15.5 Carretera a El Salvador, Pradera Concepcion"
Pops,Restaurante,"Km. 15.5 Carretera a El Salvador, Pradera Concepcion"
Primo de Roma,Restaurante,"Km. 15.5 Carretera a El Salvador, Pradera Concepcion"
Smile Factory,Clinica Dental,"Km. 15.5 Carretera a El Salvador, Pradera Concepcion"
Stradivarius,Moda,"Km. 15.5 Carretera a El Salvador, Pradera Concepcion"
Swimmers Point,Moda,"Km. 15.5 Carretera a El Salvador, Pradera Concepcion"
Taco Bell,Restaurante,"Km. 15.5 Carretera a El Salvador, Pradera Concepcion"
Tiempo,Relojeria,"Km. 15.5 Carretera a El Salvador, Pradera Concepcion"
Torre Blanca,Moda,"Km. 15.5 Carretera a El Salvador, Pradera Concepcion"
Totto,Moda,"Km. 15.5 Carretera a El Salvador, Pradera Concepcion"